[
    {
        "Nome": "Lourdes neta de Souza lima ",
        "Idade": 25,
        "Sexo": "Feminino",
        "Telefone": 46991186708,
        "Experiencia": "No",
        "Disponibilidade": "Sim",
        "Motivacao": "Tenho interesse em aprender e sou proativa e gosto de trabalhar em equipe ",
        "ComprometimentoColaboracao": "No evidenciado",
        "Opiniao": "Possui vontade de aprender mas falta experincia Pode ser uma boa candidata se estiver disposto a treinla",
        "Recomendacao": 5
    },
    {
        "Nome": "Beatriz barretto padilha ",
        "Idade": 23,
        "Sexo": "Feminino",
        "Telefone": 92991546169,
        "Experiencia": "Sim",
        "Disponibilidade": "Sim",
        "Motivacao": "Desejo trabalhar na A Modo Mio porqu tenho um filho pequeno pra sustentar E por que gosto de trabalhar como auxiliar de cozinha ",
        "ComprometimentoColaboracao": "No evidenciado",
        "Opiniao": "Beatriz tem um ano de experincia e uma motivao clara para trabalhar na rea Ela parece ser uma candidata slida com a vantagem adicional de j ter experincia prtica",
        "Recomendacao": 8
    },
    {
        "Nome": "Thayane Rodrigues de Oliveira ",
        "Idade": 33,
        "Sexo": "Masculino",
        "Telefone": 21965931205,
        "Experiencia": "Sim",
        "Disponibilidade": "Sim",
        "Motivacao": "Gostaria de oportunidade para pode crescer junto ao estabelecimento e o horrio se torna mais flexvel pra mim",
        "ComprometimentoColaboracao": "No evidenciado",
        "Opiniao": "Thayane possui uma experincia curta mas demonstra vontade de crescer Pode ser uma boa opo dependendo da complexidade das tarefas",
        "Recomendacao": 6
    },
    {
        "Nome": "Rosangela Mendes da Silva ",
        "Idade": 38,
        "Sexo": "Feminino",
        "Telefone": 46991385984,
        "Experiencia": "Sim",
        "Disponibilidade": "Sim",
        "Motivacao": "Por causa do horrio  um bom horrio pra mim",
        "ComprometimentoColaboracao": "Comprometimento evidenciado mas colaborao no clara devido a limitao",
        "Opiniao": "Rosangela tem experincia como auxiliar de cozinha e parece ser motivada pela convenincia do horrio Pode ser uma boa escolha pela experincia",
        "Recomendacao": 7
    },
    {
        "Nome": "Ronny Xavier Ourives",
        "Idade": 33,
        "Sexo": "Feminino",
        "Telefone": 46991117719,
        "Experiencia": "Sim",
        "Disponibilidade": "Sim",
        "Motivacao": "Estou a procura de um trabalho para complementar minha renda  Aonde cujo possa estar agregando a equipe  ",
        "ComprometimentoColaboracao": "Motivao financeira pode indicar comprometimento mas no colaborao",
        "Opiniao": "Ronny tem experincia como pizzaiolo e parece motivado a complementar sua renda Pode ser uma escolha slida pela experincia especfica",
        "Recomendacao": 8
    },
    {
        "Nome": "Valencia Sagesse",
        "Idade": 31,
        "Sexo": "Feminino",
        "Telefone": 46999828728,
        "Experiencia": "Sim",
        "Disponibilidade": "Sim",
        "Motivacao": "Eu estou na necessidade e mais experincia eu gosto muito cozinhar ",
        "ComprometimentoColaboracao": "No evidenciado",
        "Opiniao": "Possui vontade de aprender mas falta experincia Pode ser uma boa candidata se estiver disposto a treinla",
        "Recomendacao": 5
    },
    {
        "Nome": "Helen castanha",
        "Idade": 25,
        "Sexo": "Masculino",
        "Telefone": 46999229007,
        "Experiencia": "Sim",
        "Disponibilidade": "Sim",
        "Motivacao": "Quero ter novas experincias e dar o melhor a empresa para ter crescimento futuramente ",
        "ComprometimentoColaboracao": "No evidenciado",
        "Opiniao": "Beatriz tem um ano de experincia e uma motivao clara para trabalhar na rea Ela parece ser uma candidata slida com a vantagem adicional de j ter experincia prtica",
        "Recomendacao": 8
    },
    {
        "Nome": "Vanessa Ftima da Cruz",
        "Idade": 33,
        "Sexo": "Feminino",
        "Telefone": 46988186672,
        "Experiencia": "No",
        "Disponibilidade": "Sim",
        "Motivacao": "Moro sozinha pago financiamento de casa e como finalizei a faculdade agora preciso pagar o restante Quero esse trabalho como complemento de renda e uma forma para poder conquistar outros sonhos Tenho moto em dias de chuva sofro e  um tanto perigoso preciso fazer minha garagemetc enfim preciso de um outro trabalho que me permita durante a semana fazer exerccios fsicos consigo estudar para me profissionalizar e essa vaga  perfeita pois so 3 dias e na parte da noite Posso no ter experincia porm tenho vontade de aprender tenho facilidade em trabalhar em equipe sou responsvel e independente da rea de atuao penso que a principal questo  quanta vontade a pessoa tem em aprender e a dedicar se as coisas em que realiza fazendo bem feito e com qualidade ",
        "ComprometimentoColaboracao": "No evidenciado",
        "Opiniao": "Thayane possui uma experincia curta mas demonstra vontade de crescer Pode ser uma boa opo dependendo da complexidade das tarefas",
        "Recomendacao": 6
    },
    {
        "Nome": "Mariana Oliveira Pereira ",
        "Idade": 19,
        "Sexo": "Feminino",
        "Telefone": 46991375533,
        "Experiencia": "No",
        "Disponibilidade": "Sim",
        "Motivacao": "Tem o horrio que eu preciso pra trabalhar ",
        "ComprometimentoColaboracao": "Comprometimento evidenciado mas colaborao no clara devido a limitao",
        "Opiniao": "Rosangela tem experincia como auxiliar de cozinha e parece ser motivada pela convenincia do horrio Pode ser uma boa escolha pela experincia",
        "Recomendacao": 7
    },
    {
        "Nome": "Alvadir Sebastio Colasso ",
        "Idade": 21,
        "Sexo": "Feminino",
        "Telefone": 46999027673,
        "Experiencia": "No",
        "Disponibilidade": "Sim",
        "Motivacao": "Pra aprender e pra ajudar ",
        "ComprometimentoColaboracao": "Motivao financeira pode indicar comprometimento mas no colaborao",
        "Opiniao": "Ronny tem experincia como pizzaiolo e parece motivado a complementar sua renda Pode ser uma escolha slida pela experincia especfica",
        "Recomendacao": 8
    },
    {
        "Nome": "Camila Stefni Freitas Alves ",
        "Idade": 26,
        "Sexo": "Feminino",
        "Telefone": 46991271348,
        "Experiencia": "Sim",
        "Disponibilidade": "Sim",
        "Motivacao": "",
        "ComprometimentoColaboracao": "No evidenciado",
        "Opiniao": "Possui vontade de aprender mas falta experincia Pode ser uma boa candidata se estiver disposto a treinla",
        "Recomendacao": 5
    },
    {
        "Nome": "Joo Pedro Debaldi ",
        "Idade": 23,
        "Sexo": "Masculino",
        "Telefone": 45998509302,
        "Experiencia": "Sim",
        "Disponibilidade": "Sim",
        "Motivacao": "Estou a procura de conhecimento culinrio ",
        "ComprometimentoColaboracao": "No evidenciado",
        "Opiniao": "Beatriz tem um ano de experincia e uma motivao clara para trabalhar na rea Ela parece ser uma candidata slida com a vantagem adicional de j ter experincia prtica",
        "Recomendacao": 8
    },
    {
        "Nome": "Patrcia Barbosa ",
        "Idade": 32,
        "Sexo": "Feminino",
        "Telefone": 46999062435,
        "Experiencia": "Sim",
        "Disponibilidade": "Sim",
        "Motivacao": "Porq gosto de trabalhar em cozinha ",
        "ComprometimentoColaboracao": "No evidenciado",
        "Opiniao": "Thayane possui uma experincia curta mas demonstra vontade de crescer Pode ser uma boa opo dependendo da complexidade das tarefas",
        "Recomendacao": 6
    },
    {
        "Nome": "Rosimeri aparecida nunes",
        "Idade": 19,
        "Sexo": "Feminino",
        "Telefone": 46999703456,
        "Experiencia": "No",
        "Disponibilidade": "No",
        "Motivacao": "",
        "ComprometimentoColaboracao": "Comprometimento evidenciado mas colaborao no clara devido a limitao",
        "Opiniao": "Rosangela tem experincia como auxiliar de cozinha e parece ser motivada pela convenincia do horrio Pode ser uma boa escolha pela experincia",
        "Recomendacao": 7
    },
    {
        "Nome": "Daiane Valendorf Vaz ",
        "Idade": 40,
        "Sexo": "Feminino",
        "Telefone": 46991018430,
        "Experiencia": "Sim",
        "Disponibilidade": "Sim",
        "Motivacao": "Ser uma experincia nova pr o crescimento da minha carreira profissional ",
        "ComprometimentoColaboracao": "Motivao financeira pode indicar comprometimento mas no colaborao",
        "Opiniao": "Ronny tem experincia como pizzaiolo e parece motivado a complementar sua renda Pode ser uma escolha slida pela experincia especfica",
        "Recomendacao": 8
    },
    {
        "Nome": "Lucas Cemin Soster",
        "Idade": 23,
        "Sexo": "Masculino",
        "Telefone": 51981857174,
        "Experiencia": "Sim",
        "Disponibilidade": "Sim",
        "Motivacao": "Aprendizado",
        "ComprometimentoColaboracao": "No evidenciado",
        "Opiniao": "Possui vontade de aprender mas falta experincia Pode ser uma boa candidata se estiver disposto a treinla",
        "Recomendacao": 5
    },
    {
        "Nome": "Sueli dos santos ",
        "Idade": 41,
        "Sexo": "Masculino",
        "Telefone": 46991127220,
        "Experiencia": "Estou trabalhando de auxiliar de cozinha ",
        "Disponibilidade": "Sim",
        "Motivacao": "Pra aprende trabalha com pizzas e pra te um ganho a mais ",
        "ComprometimentoColaboracao": "No evidenciado",
        "Opiniao": "Beatriz tem um ano de experincia e uma motivao clara para trabalhar na rea Ela parece ser uma candidata slida com a vantagem adicional de j ter experincia prtica",
        "Recomendacao": 8
    },
    {
        "Nome": "Leticia Pereira",
        "Idade": 28,
        "Sexo": "Feminino",
        "Telefone": 46988096417,
        "Experiencia": "No",
        "Disponibilidade": "Sim",
        "Motivacao": "Quero trabalhar na A Modo Mio devido  minha paixo pela culinria e por ser uma empresa muito bem vista na cidade",
        "ComprometimentoColaboracao": "No evidenciado",
        "Opiniao": "Thayane possui uma experincia curta mas demonstra vontade de crescer Pode ser uma boa opo dependendo da complexidade das tarefas",
        "Recomendacao": 6
    },
    {
        "Nome": "Bruna Muhlbeier",
        "Idade": 23,
        "Sexo": "Feminino",
        "Telefone": 49991932751,
        "Experiencia": "No",
        "Disponibilidade": "Sim",
        "Motivacao": "No momento estou cursando faculdade no perodo matutino estou a procura de um emprego que se encaixe com esse horrio e ainda me permita ter tempo para estudar",
        "ComprometimentoColaboracao": "Comprometimento evidenciado mas colaborao no clara devido a limitao",
        "Opiniao": "Rosangela tem experincia como auxiliar de cozinha e parece ser motivada pela convenincia do horrio Pode ser uma boa escolha pela experincia",
        "Recomendacao": 7
    },
    {
        "Nome": "Marilaine Maciel Coraleski ",
        "Idade": 23,
        "Sexo": "Feminino",
        "Telefone": 46991053576,
        "Experiencia": "Sim",
        "Disponibilidade": "Sim",
        "Motivacao": " uma grande oportunidade  e tenho interesse nessa parte de cozinha ",
        "ComprometimentoColaboracao": "Motivao financeira pode indicar comprometimento mas no colaborao",
        "Opiniao": "Ronny tem experincia como pizzaiolo e parece motivado a complementar sua renda Pode ser uma escolha slida pela experincia especfica",
        "Recomendacao": 8
    },
    {
        "Nome": "Gabrieli Dalapicola Maranoski",
        "Idade": 26,
        "Sexo": "Feminino",
        "Telefone": 46988135016,
        "Experiencia": "No",
        "Disponibilidade": "Sim",
        "Motivacao": "para desempenhar meu servio com qualidade e se possvel crescer junto com a empresa",
        "ComprometimentoColaboracao": "No evidenciado",
        "Opiniao": "Possui vontade de aprender mas falta experincia Pode ser uma boa candidata se estiver disposto a treinla",
        "Recomendacao": 5
    },
    {
        "Nome": "Roseli Aparecida de Ramos ",
        "Idade": 42,
        "Sexo": "Masculino",
        "Telefone": 46999089572,
        "Experiencia": "Trabalho por dia ajuntante ",
        "Disponibilidade": "Sim",
        "Motivacao": "Porque eu gosto de trabalhar em cozinha ",
        "ComprometimentoColaboracao": "No evidenciado",
        "Opiniao": "Beatriz tem um ano de experincia e uma motivao clara para trabalhar na rea Ela parece ser uma candidata slida com a vantagem adicional de j ter experincia prtica",
        "Recomendacao": 8
    },
    {
        "Nome": "Maria Villasboa ",
        "Idade": 33,
        "Sexo": "Feminino",
        "Telefone": 4688246048,
        "Experiencia": "No",
        "Disponibilidade": "Sim",
        "Motivacao": "Pra mim aprender e ter novas esperensia ",
        "ComprometimentoColaboracao": "No evidenciado",
        "Opiniao": "Thayane possui uma experincia curta mas demonstra vontade de crescer Pode ser uma boa opo dependendo da complexidade das tarefas",
        "Recomendacao": 6
    },
    {
        "Nome": "Henri Gabriel Domiciano Palma",
        "Idade": 21,
        "Sexo": "Feminino",
        "Telefone": 46999145287,
        "Experiencia": "No",
        "Disponibilidade": "No",
        "Motivacao": "Porque quero ter experincia ",
        "ComprometimentoColaboracao": "Comprometimento evidenciado mas colaborao no clara devido a limitao",
        "Opiniao": "Rosangela tem experincia como auxiliar de cozinha e parece ser motivada pela convenincia do horrio Pode ser uma boa escolha pela experincia",
        "Recomendacao": 7
    },
    {
        "Nome": "Susimari da Silva ",
        "Idade": 0,
        "Sexo": "Feminino",
        "Telefone": 991336354,
        "Experiencia": "Sim",
        "Disponibilidade": "Sim",
        "Motivacao": "Porque adoro pizza ",
        "ComprometimentoColaboracao": "Motivao financeira pode indicar comprometimento mas no colaborao",
        "Opiniao": "Ronny tem experincia como pizzaiolo e parece motivado a complementar sua renda Pode ser uma escolha slida pela experincia especfica",
        "Recomendacao": 8
    },
    {
        "Nome": "Luana de Paula Ramos dos Santos ",
        "Idade": 25,
        "Sexo": "Masculino",
        "Telefone": 999898217,
        "Experiencia": "No",
        "Disponibilidade": "Sim",
        "Motivacao": "Estou buscando novas oportunidades  ",
        "ComprometimentoColaboracao": "No evidenciado",
        "Opiniao": "Possui vontade de aprender mas falta experincia Pode ser uma boa candidata se estiver disposto a treinla",
        "Recomendacao": 5
    },
    {
        "Nome": "Eva Terezinha biff ",
        "Idade": 43,
        "Sexo": "Feminino",
        "Telefone": 46991331768,
        "Experiencia": "No",
        "Disponibilidade": "Sim",
        "Motivacao": "Gostaria de ter a oportunidade de conhecer o trabalho exercido em uma cozinha e o horrio pra mim  favorvel",
        "ComprometimentoColaboracao": "No evidenciado",
        "Opiniao": "Beatriz tem um ano de experincia e uma motivao clara para trabalhar na rea Ela parece ser uma candidata slida com a vantagem adicional de j ter experincia prtica",
        "Recomendacao": 8
    }
]